title,release_date,runtime,language
My Own Man,2015-03-06,81,English
The Other One: The Long Strange Trip of Bob Weir,2015-05-22,83,English
Hot Girls Wanted,2015-05-29,84,English
"What Happened, Miss Simone?",2015-06-26,84,English
Tig,2015-07-17,80,English
Keith Richards: Under the Influence,2015-09-18,81,English
Winter on Fire: Ukraine's Fight for Freedom,2015-10-09,91,Ukrainian
My Beautiful Broken Brain,2016-03-18,91,English
Team Foxcatcher,2016-04-29,90,English
Tony Robbins: I Am Not Your Guru,2016-07-15,116,English
I'll Sleep When I'm Dead,2016-08-19,79,English
Extremis,2016-09-13,24,English
The White Helmets,2016-09-16,40,English
Audrie & Daisy,2016-09-23,98,English
Amanda Knox,2016-09-30,92,English
13th,2016-10-07,100,English
Sky Ladder: The Art of Cai Guo-Qiang,2016-10-14,79,Mandarin
Into the Inferno,2016-10-28,107,English
The Ivory Game,2016-11-04,112,English
Casting JonBenet,2017-04-28,80,English
The Mars Generation,2017-05-05,97,English
Get Me Roger Stone,2017-05-12,101,English
Laerte-se,2017-05-19,100,Portuguese
Joshua: Teenager vs. Superpower,2017-05-26,78,English
CounterPunch,2017-06-16,91,English
Nobody Speak: Trials of the Free Press,2017-06-23,95,English
Chasing Coral,2017-07-14,89,English
Icarus,2017-08-04,120,English
Resurface,2017-09-01,27,English
Heroin(e),2017-09-12,39,English
Strong Island,2017-09-15,107,English
Gaga: Five Foot Two,2017-09-22,100,English
Long Shot,2017-09-29,40,English
The Death and Life of Marsha P. Johnson,2017-10-06,105,English
Kingdom of Us,2017-10-13,109,English
One of Us,2017-10-20,95,English
Joan Didion: The Center Will Not Hold,2017-10-27,98,English
"Jim & Andy: The Great Beyond – Featuring a Very Special, Contractually Obligated Mention of Tony Clifton",2017-11-17,94,English
Saving Capitalism,2017-11-21,73,English
Cuba and the Cameraman,2017-11-24,114,English
Voyeur,2017-12-01,95,English
Seeing Allred,2018-02-09,95,English
The Trader,2018-02-09,23,Georgian
Ladies First,2018-03-08,39,Hindi
Take Your Pills,2018-03-16,87,English
"Ram Dass, Going Home",2018-04-06,31,English
Mercury 13,2018-04-20,79,English
The Rachel Divide,2018-04-27,104,English
End Game,2018-05-04,40,English
Recovery Boys,2018-06-29,89,English
The Bleeding Edge,2018-07-27,100,English
City of Joy,2018-09-07,76,English
Reversing Roe,2018-09-13,99,English
Quincy,2018-09-21,124,English
Two Catalonias,2018-09-28,116,Spanish
Lessons from a School Shooting: Notes from Dunblane,2018-09-28,23,English
Feminists: What Were They Thinking?,2018-10-12,86,English
ReMastered: Who Shot the Sheriff?,2018-10-12,57,English
Shirkers,2018-10-26,97,English
They'll Love Me When I'm Dead,2018-11-02,98,English
ReMastered: Tricky Dick & the Man in Black,2018-11-02,58,English
The American Meme,2018-12-07,98,English
ReMastered: Who Killed Jam Master Jay?,2018-12-07,58,English
"Out of Many, One",2018-12-12,34,English
Struggle: The Life and Lost Art of Szukalski,2018-12-21,105,English
ReMastered: Massacre at the Stadium,2019-01-11,64,English
Fyre: The Greatest Party That Never Happened,2019-01-18,97,English
ReMastered: The Two Killings of Sam Cooke,2019-02-08,64,English
Period. End of Sentence.,2019-02-12,26,Hindi
Antoine Griezmann: The Making of a Legend,2019-03-21,60,French
ReMastered: The Miami Showband Massacre,2019-03-22,70,English
The Legend of Cocaine Island,2019-03-29,87,English
Homecoming: A Film by Beyoncé,2019-04-17,137,English
Brené Brown: The Call to Courage,2019-04-19,76,English
Grass Is Greener,2019-04-20,97,English
ReMastered: Devil at the Crossroads,2019-04-26,48,English
Knock Down the House,2019-05-01,87,English
All in My Family,2019-05-03,39,English
ReMastered: The Lion's Share,2019-05-17,84,English
A Tale of Two Kitchens,2019-05-22,30,Spanish
After Maria,2019-05-24,37,Spanish
The Black Godfather,2019-06-07,118,English
Rolling Thunder Revue: A Bob Dylan Story by Martin Scorsese,2019-06-12,142,English
Life Overtakes Me,2019-06-14,40,English
The Edge of Democracy,2019-06-19,121,Portuguese
Parchis: The Documentary,2019-07-10,106,Spanish
The Great Hack,2019-07-24,114,English
Enter the Anime,2019-08-05,58,English
American Factory,2019-08-21,110,English
Travis Scott: Look Mom I Can Fly,2019-08-28,85,English
Evelyn,2019-09-10,96,English
"Hello, Privilege. It's Me, Chelsea",2019-09-13,64,English
Los Tigres del Norte at Folsom Prison,2019-09-15,64,Spanish
Birders,2019-09-25,37,Spanish
Ghosts of Sugar Land,2019-10-16,21,English
Tell Me Who I Am,2019-10-18,85,English
Dancing with the Birds,2019-10-23,51,English
It Takes a Lunatic,2019-10-25,126,English
A 3 Minute Hug,2019-10-28,28,Spanish
Fire in Paradise,2019-11-01,39,English
"Bikram: Yogi, Guru, Predator",2019-11-20,86,English
"Lorena, Light-Footed Woman",2019-11-20,28,Spanish
After the Raid,2019-12-19,25,Spanish
El Pepe: A Supreme Life,2019-12-27,73,Spanish
Miss Americana,2020-01-31,85,English
A Life of Speed: The Juan Manuel Fangio Story,2020-03-20,92,Spanish
Crip Camp: A Disability Revolution,2020-03-25,108,English
LA Originals,2020-04-10,92,English
Circus of Books,2020-04-22,86,English
A Secret Love,2020-04-29,82,English
Murder to Mercy: The Cyntoia Brown Story,2020-04-29,97,English
Becoming,2020-05-06,89,English
Have a Good Trip: Adventures in Psychedelics,2020-05-11,85,English
Spelling the Dream,2020-06-03,83,English
One Take,2020-06-18,85,Thai
Disclosure: Trans Lives on Screen,2020-06-19,107,English
Athlete A,2020-06-24,104,English
Mucho Mucho Amor: The Legend of Walter Mercado,2020-07-08,96,English
We Are One,2020-07-14,86,French
Father Soldier Son,2020-07-17,100,English
The Speed Cubers,2020-07-29,40,English
Anelka: Misunderstood,2020-08-05,94,French
Rising Phoenix,2020-08-26,106,English
My Octopus Teacher,2020-09-07,85,English
The Social Dilemma,2020-09-09,94,English
Hope Frozen: A Quest to Live Twice,2020-09-15,80,Thai
GIMS: On the Record,2020-09-17,96,French
American Murder: The Family Next Door,2020-09-30,82,English
Dick Johnson Is Dead,2020-10-02,90,English
David Attenborough: A Life on Our Planet,2020-10-04,83,English
Bigflo & Oli: Hip Hop Frenzy,2020-10-08,100,French
Blackpink: Light Up the Sky,2020-10-14,79,Korean
The Three Deaths of Marisela Escobedo,2020-10-14,109,Spanish
Rooting for Roona,2020-10-15,41,Bengali
Guillermo Vilas: Settling the Score,2020-10-27,94,Spanish
Secrets of the Saqqara Tomb,2020-10-28,114,English
Shawn Mendes: In Wonder,2020-11-23,83,English
Dance Dreams: Hot Chocolate Nutcracker,2020-11-27,80,English
Emicida: AmarElo – It's All For Yesterday,2020-12-08,89,Portuguese
Giving Voice,2020-12-11,90,English
The Minimalists: Less Is Now,2021-01-01,53,English
Tony Parker: The Final Shot,2021-01-06,98,French
"Crack: Cocaine, Corruption & Conspiracy",2021-01-11,89,English
What Would Sophia Loren Do?,2021-01-15,32,English
"Strip Down, Rise Up",2021-02-05,112,English
Pelé,2021-02-23,108,Portuguese
Biggie: I Got a Story to Tell,2021-03-01,97,English
Operation Varsity Blues: The College Admissions Scandal,2021-03-17,99,English
Seaspiracy,2021-03-24,89,English
Dolly Parton: A MusiCares Tribute,2021-04-07,55,English
Why Did You Kill Me?,2021-04-14,83,English
Chadwick Boseman: Portrait of an Artist,2021-04-17,21,English
Searching for Sheela,2021-04-22,58,English
Nail Bomber: Manhunt,2021-05-26,72,English
Breaking Boundaries: The Science of Our Planet,2021-06-04,73,English
Kitty Love: An Homage to Cats,2021-06-05,60,Dutch
Murder by the Coast,2021-06-23,88,Spanish
Sisters on Track,2021-06-24,96,English
Audible,2021-07-01,38,English
Private Network: Who Killed Manuel Buendia?,2021-07-14,100,Spanish
Pray Away,2021-08-03,101,English
Shiny_Flakes: The Teenage Drug Lord,2021-08-03,96,German
Untold: Malice at the Palace,2021-08-10,69,English
Untold: Deal with the Devil,2021-08-17,77,English
Memories of a Murderer: The Nilsen Tapes,2021-08-18,85,English
Untold: Caitlyn Jenner,2021-08-24,69,English
"Bob Ross: Happy Accidents, Betrayal & Greed",2021-08-25,93,English
Untold: Crimes & Penalties,2021-08-31,86,English
Untold: Breaking Point,2021-09-07,79,English
Blood Brothers: Malcolm X & Muhammad Ali,2021-09-09,96,English
The Women and the Murderer,2021-09-09,92,French
Schumacher,2021-09-15,112,English
My Heroes Were Cowboys,2021-09-16,23,English
Britney vs Spears,2021-09-28,93,English
Convergence: Courage in a Crisis,2021-10-12,113,English
Making Malinche: A Documentary by Nacho Cano,2021-10-12,89,Spanish
Found,2021-10-20,98,English
Flip a Coin – One OK Rock Documentary,2021-10-21,105,Japanese
Lords of Scam,2021-11-03,105,French
A Cop Movie,2021-11-05,107,Spanish
Procession,2021-11-19,118,English
Angèle,2021-11-26,84,French
14 Peaks: Nothing Is Impossible,2021-11-29,101,English
Lead Me Home,2021-11-30,40,English
137 Shots,2021-12-15,105,English
Puff: Wonders of the Reef,2021-12-16,62,English
Three Songs for Benazir,2022-01-24,22,Pashto
The Tinder Swindler,2022-02-02,114,English
Downfall: The Case Against Boeing,2022-02-18,89,English
11M: Terror in Madrid,2022-02-23,92,Spanish
Surviving Paradise: A Family Tale,2022-03-03,79,English
Broken Idol: The Undoing of Diomedes Díaz,2022-03-30,102,Spanish
Trust No One: The Hunt for the Crypto King,2022-03-30,90,English
Return to Space,2022-04-07,128,English
White Hot: The Rise & Fall of Abercrombie & Fitch,2022-04-19,88,English
The Mystery of Marilyn Monroe: The Unheard Tapes,2022-04-27,101,English
Hold Your Breath: The Ice Dive,2022-05-03,40,English
Our Father,2022-05-11,97,English
Cyber Hell: Exposing an Internet Horror,2022-05-18,105,Korean
The Photographer: Murder in Pinamar,2022-05-19,106,Spanish
Gladbeck: The Hostage Crisis,2022-06-08,91,German
Jennifer Lopez: Halftime,2022-06-14,96,English
"Sing, Dance, Act: Kabuki featuring Toma Ikuta",2022-06-16,87,Japanese
The Martha Mitchell Effect,2022-06-17,40,English
Civil: Ben Crump,2022-06-19,101,English
Girl in the Picture,2022-07-06,102,English
My Daughter's Killer,2022-07-12,84,French
Never Stop Dreaming: The Life and Legacy of Shimon Peres,2022-07-13,129,English
Bank Robbers: The Last Great Heist,2022-08-10,110,Spanish
Stay on Board: The Leo Baker Story,2022-08-11,73,English
Inside the Mind of a Cat,2022-08-18,67,English
Untold: The Rise and Fall of AND1,2022-08-23,69,English
Running with the Devil: The Wild World of John McAfee,2022-08-24,105,English
The Figo Affair: The Transfer that Changed Football,2022-08-25,104,Spanish
Untold: Operation Flagrant Foul,2022-08-30,77,English
Get Smart With Money,2022-09-06,93,English
Untold: The Race of the Century,2022-09-06,83,English
The Anthrax Attacks,2022-09-08,95,English
Skandal! Bringing Down Wirecard,2022-09-16,93,English
The Dreamlife of Georgie Stone,2022-09-22,29,English
A Trip to Infinity,2022-09-26,79,English
Into the Deep: The Submarine Murder Case,2022-09-30,87,English
The Trapped 13: How We Survived The Thai Cave,2022-10-05,103,Thai
The Joys and Sorrows of Young Yuguo,2022-10-06,28,English
The Redeem Team,2022-10-07,98,English
LiSA: Another Great Day,2022-10-18,97,Japanese
Descendant,2022-10-21,109,English
Fugitive: The Curious Case of Carlos Ghosn,2022-10-26,95,English
Orgasm Inc: The Story of OneTaste,2022-11-05,89,English
State of Alabama vs. Brittany Smith,2022-11-10,40,English
Capturing the Killer Nurse,2022-11-11,95,English
Is That Black Enough for You?!?,2022-11-11,135,English
Stutz,2022-11-14,96,English
In Her Hands,2022-11-16,93,English
Racionais MC's: From the Streets of São Paulo,2022-11-16,116,Portuguese
I Am Vanessa Guillen,2022-11-17,96,English
Ghislaine Maxwell: Filthy Rich,2022-11-25,101,English
The Last Dolphin King,2022-11-25,94,Spanish
Take Your Pills: Xanax,2022-11-30,90,English
The Masked Scammer,2022-12-01,90,English
"""Sr.""",2022-12-02,90,English
In Broad Daylight: The Narvarte Case,2022-12-08,108,Spanish
The Elephant Whisperers,2022-12-08,41,Tamil
Kangaroo Valley,2022-12-14,76,English
The Volcano: Rescue from Whakaari,2022-12-16,98,English
Mumbai Mafia: Police vs The Underworld,2023-01-06,87,English
The Hatchet Wielding Hitchhiker,2023-01-10,85,English
Big Mäck: Gangsters and Gold,2023-01-20,90,German
"Pamela, a Love Story",2023-01-31,112,English
Money Shot: The Pornhub Story,2023-03-15,94,English
Caught Out: Crime. Corruption. Cricket.,2023-03-17,77,English
Lewis Capaldi: How I'm Feeling Now,2023-04-05,96,English
Longest Third Date,2023-04-18,75,English
Anna Nicole Smith: You Don't Know Me,2023-05-16,116,English
Victim/Suspect,2023-05-23,95,English
Take Care of Maya,2023-06-19,103,English
King of Clones,2023-06-23,85,English
Eldorado: Everything the Nazis Hate,2023-06-28,92,English
Unknown: The Lost Pyramid,2023-07-03,84,English
Wham!,2023-07-05,92,English
Unknown: Killer Robots,2023-07-10,68,English
Unknown: Cave of Bones,2023-07-17,94,English
The Deepest Breath,2023-07-19,110,English
Unknown: Cosmic Time Machine,2023-07-24,64,English
Missing: The Lucie Blackman Case,2023-07-26,82,English
Tokyo Crime Squad: The Lucie Blackman Case,2023-07-26,101,Japanese
The Lady of Silence: The Mataviejitas Murders,2023-07-27,111,Spanish
Untold: Jake Paul the Problem Child,2023-08-01,72,English
Mark Cavendish: Never Enough,2023-08-02,92,English
Poisoned: The Dirty Truth About Your Food,2023-08-02,82,English
Untold: Johnny Football,2023-08-08,72,English
Untold: Hall of Shame,2023-08-15,78,English
A Life Too Short: The Isabella Nardoni Case,2023-08-17,104,Portuguese
Scouts Honor: The Secret Files of the Boy Scouts of America,2023-09-06,94,English
Rosa Peral's Tapes,2023-09-08,80,Spanish
The Saint of Second Chances,2023-09-19,94,English
"Ice Cold: Murder, Coffee and Jessica Wongso",2023-09-28,86,Indonesian
The Darkness within La Luz del Mundo,2023-09-28,114,Spanish
Race to the Summit,2023-10-04,90,German
Camp Courage,2023-10-15,33,Ukrainian
The Devil on Trial,2023-10-17,81,English
Vjeran Tomic: The Spider-Man of Paris,2023-10-20,86,French
Onefour: Against All Odds,2023-10-26,82,English
Yellow Door: '90s Lo-fi Film Club,2023-10-27,84,Korean
Higuita: The Way of the Scorpion,2023-11-02,90,Spanish
Sly,2023-11-03,96,English
Cyberbunker: The Criminal Underworld,2023-11-08,101,English
Stamped from the Beginning,2023-11-20,92,English
Ilary Blasi: The One and Only,2023-11-24,80,Italian
American Symphony,2023-11-29,103,English
Kevin Hart & Chris Rock: Headliners Only,2023-12-12,82,English
Face to Face with ETA: Conversations with a Terrorist,2023-12-15,102,Spanish
Curry & Cyanide: The Jolly Joseph Case,2023-12-22,95,Malayalam
Hell Camp: Teen Nightmare,2023-12-27,90,English
Bitconned,2024-01-01,94,English
The Greatest Night in Pop,2024-01-29,97,English
"Lover, Stalker, Killer",2024-02-09,90,English
Einstein and the Bomb,2024-02-16,76,English
You Are Not Alone: Fighting the Wolf Pack,2024-03-01,102,Spanish
To Kill a Tiger,2024-03-10,127,Hindi
The Antisocial Network: Memes to Mayhem,2024-04-05,85,English
What Jennifer Did,2024-04-10,87,English
The Doomsday Cult of Antares de la Luz,2024-04-25,100,Spanish
Hack Your Health: The Secrets of Your Gut,2024-04-26,79,English
Secrets of the Neanderthals,2024-05-02,80,English
The Final: Attack on Wembley,2024-05-08,82,English
The Guardian of the Monarchs,2024-05-09,91,Spanish
Living with Leopards,2024-05-10,71,English
Power,2024-05-17,88,English
Illusions for Sale: The Rise and Fall of Generation Zoe,2024-05-23,107,Spanish
How to Rob a Bank,2024-06-05,88,English
Nelma Kodama: The Queen of Dirty Money,2024-06-06,94,Portuguese
Rafa Márquez: El Capitán,2024-06-06,82,Spanish
Mysteries of the Terracotta Warriors,2024-06-12,77,English
Outstanding: A Comedy Revolution,2024-06-18,99,English
Black Barbie: A Documentary,2024-06-19,113,English
The Accidental Twins,2024-06-20,84,Spanish
Skywalkers: A Love Story,2024-07-19,100,English
Mountain Queen: The Summits of Lhakpa Sherpa,2024-07-31,104,English
"Mon Laferte, te amo",2024-08-01,78,Spanish
Modern Masters: S. S. Rajamouli,2024-08-02,74,English
Inside the Mind of a Dog,2024-08-09,75,English
Daughters,2024-08-14,108,English
Untold: The Murder of Air McNair,2024-08-20,58,English
Secret Lives of Orangutans,2024-08-22,79,English
Untold: Sign Stealer,2024-08-27,87,English
Untold: Hope Solo vs. U.S. Soccer,2024-09-03,74,English
Apollo 13: Survival,2024-09-05,98,English
Jailbreak: Love on the Run,2024-09-25,88,English
An Invisible Victim: The Eliza Samudio Case,2024-09-26,101,Portuguese
Will & Harper,2024-09-27,114,English
The Menendez Brothers,2024-10-07,118,English
Breaking the Silence: The Maria Soledad Case,2024-10-10,95,Spanish
Sweet Bobby: My Catfish Nightmare,2024-10-16,82,English
The Turnaround,2024-10-18,25,English
The Remarkable Life of Ibelin,2024-10-25,103,English
Martha,2024-10-30,113,English
It's All Over: The Kiss That Changed Spanish Football,2024-11-01,95,Spanish
Return of the King: The Fall and Rise of Elvis Presley,2024-11-13,91,English
The Lost Children,2024-11-14,96,Spanish
Nayanthara: Beyond the Fairytale,2024-11-17,82,English
Buy Now: The Shopping Conspiracy,2024-11-20,84,English
The Only Girl in the Orchestra,2024-12-04,35,English
Biggest Heist Ever,2024-12-06,87,English
Makayla's Voice: A Letter to the World,2024-12-11,24,English
Julia's Stepping Stone,2024-12-18,32,English
Yo Yo Honey Singh: Famous,2024-12-20,80,Hindi
Avicii – I'm Tim,2024-12-31,96,English
Don't Die: The Man Who Wants to Live Forever,2025-01-01,89,English
Miss Italia Mustn't Die,2025-02-26,98,Italian
Larissa: The Other Side of Anitta,2025-03-06,100,Portuguese
Chaos: The Manson Murders,2025-03-07,96,English
The Twister: Caught in the Storm,2025-03-19,89,English
Con Mum,2025-03-25,88,English
Oklahoma City Bombing: American Terror,2025-04-18,0,English
Pangolin: Kulu’s Journey,2025-04-21,0,English
