title,release_date,genre,runtime,language
A Very Murray Christmas,2015-12-04,Comedy / Musical,56,English
Justin Timberlake + The Tennessee Kids,2016-10-12,Concert film,90,English
13th: A Conversation with Oprah Winfrey & Ava DuVernay,2017-01-26,Aftershow / Interview,36,English
"Michael Bolton's Big, Sexy Valentine's Day Special",2017-02-07,Variety show,54,English
Rodney King,2017-04-28,One-man show,52,English
"Barbra: The Music, The Mem'ries, The Magic",2017-11-22,Concert film,108,English
Loudon Wainwright III: Surviving Twin,2018-11-13,One-man show,91,English
Angela's Christmas,2018-11-30,Animation,30,English
Springsteen on Broadway,2018-12-16,One-man show,153,English
Porta dos Fundos: The Last Hangover,2018-12-21,Comedy,44,Portuguese
Taylor Swift: Reputation Stadium Tour,2018-12-31,Concert film,125,English
Kevin Hart's Guide to Black History,2019-02-08,Variety show,63,English
Still Laugh-In: The Stars Celebrate,2019-05-14,Variety show,60,English
The Lonely Island Presents: The Unauthorized Bash Brothers Experience,2019-05-23,Comedy / Musical,30,English
"Frankenstein's Monster's Monster, Frankenstein",2019-07-16,Mockumentary,32,English
Rocko's Modern Life: Static Cling,2019-08-09,Animation / Comedy,45,English
Sturgill Simpson Presents: Sound & Fury,2019-09-27,Animation / Musical,41,English
The Irishman: In Conversation,2019-11-27,Aftershow / Interview,23,English
Porta dos Fundos: The First Temptation of Christ,2019-12-03,Comedy,46,Portuguese
John Mulaney & the Sack Lunch Bunch,2019-12-24,Variety show,70,English
Road to Roma,2020-02-11,Making-of,72,Spanish
Ben Platt: Live from Radio City Music Hall,2020-05-20,Concert film,85,English
The Boys in the Band: Something Personal,2020-09-30,Aftershow / Interview,28,English
Sarah Cooper: Everything's Fine,2020-10-27,Variety show,49,English
Alien Xmas,2020-11-20,Stop motion,42,English
Shawn Mendes: Live in Concert,2020-11-25,Concert film,87,English
Angela's Christmas Wish,2020-12-01,Animation,47,English
Ma Rainey's Black Bottom: A Legacy Brought to Screen,2020-12-18,Aftershow / Interview,31,English
"Ariana Grande: Excuse Me, I Love You",2020-12-21,Concert film,97,English
Death to 2020,2020-12-27,Comedy,70,English
To All the Boys: Always and Forever – The Afterparty,2021-02-13,Aftershow,36,English
Creating an Army of the Dead,2021-05-22,Making-of,28,English
Emicida: AmarElo – Live in São Paulo,2021-07-15,Concert,99,Portuguese
Monster Hunter: Legends of the Guild,2021-08-12,Animated fantasy,58,English
Attack of The Hollywood Clichés!,2021-09-28,Comedy,58,English
Escape the Undertaker,2021-10-05,Interactive horror,31,English
Sex: Unzipped,2021-10-26,Comedy,59,English
Robin Robin,2021-11-24,Stop motion / musical,32,English
Death to 2021,2021-12-27,Comedy,60,English
The House,2022-01-14,Stop motion / dark comedy,97,English
Adam by Eve: A Live in Animation,2022-03-15,Animation / concert film,58,Japanese
Celeb Five: Behind the Curtain,2022-04-01,Docu-comedy,55,Korean
Oprah + Viola: A Netflix Special Event,2022-04-22,Interview,48,English
Dirty Daddy: The Bob Saget Tribute,2022-06-10,Interview,83,English
Dave Chappelle: What's In a Name?,2022-07-07,Speech,39,English
Ivy + Bean,2022-09-02,Family,57,English
Ivy + Bean: Doomed to Dance,2022-09-02,Family,56,English
Ivy + Bean: The Ghost That Had to Go,2022-09-02,Family,61,English
Entergalactic,2022-09-30,Musical drama,92,English
Barbie Epic Road Trip,2022-10-25,Animation / interactive fiction,36,English
Making ATHENA,2022-11-18,Making-of,37,French
Guillermo del Toro's Pinocchio: Handcarved Cinema,2022-12-09,Making-of,30,English
The Seven Deadly Sins: Grudge of Edinburgh Part 1,2022-12-20,Anime,52,Japanese
Stuck with You,2022-12-28,Romantic comedy,59,French
A Whole Lifetime with Jamie Demetriou,2023-02-28,Comedy,52,English
We Lost Our Human,2023-03-21,Animation / interactive fiction,103,English
Mighty Morphin Power Rangers: Once & Always,2023-04-19,Superhero science fiction,55,English
The Light We Carry: Michelle Obama & Oprah Winfrey,2023-04-25,Interview,90,English
Tudum 2023: A Global Fan Event,2023-06-17,Fan event,166,English
The Seven Deadly Sins: Grudge of Edinburgh Part 2,2023-08-08,Anime,54,Japanese
Choose Love,2023-08-31,Romantic comedy / interactive fiction,77,English
Lifting the Veil: Behind the Scenes of Ehrengard,2023-09-14,Behind the scenes,40,Danish
The Wonderful Story of Henry Sugar,2023-09-27,Adventure comedy,39,English
The Netflix Cup,2023-11-14,Sports event,155,English
The Bad Guys: A Very Bad Holiday,2023-11-30,Animated heist comedy,25,English
Society of the Snow: Who Were We on the Mountain?,2024-01-24,Behind the scenes,36,Spanish
Sit Down with Stand Up Udom Taephanich,2024-01-26,Talk show,124,Thai
The 30th Annual Screen Actors Guild Awards,2024-02-24,Award show,195,English
The Netflix Slam,2024-03-03,Sports event,161,English
Creating a Universe – The Making of Rebel Moon,2024-04-19,Behind the scenes,28,English
Rebel Moon – Chapter One: Chalice of Blood,2024-08-02,Director's cut,204,English
Rebel Moon – Chapter Two: Curse of Forgiveness,2024-08-02,Director's cut,173,English
Chestnut vs. Kobayashi: Unfinished Beef,2024-09-02,Competitive eating,72,English
The Bad Guys: Haunted Heist,2024-10-03,Animated heist comedy,24,English
Olivia Rodrigo: GUTS World Tour,2024-10-29,Concert,104,English
Jake Paul vs. Mike Tyson,2024-11-15,Sports event,306,English
A Nonsense Christmas with Sabrina Carpenter,2024-12-06,Music/Variety,50,English
Family Pack: Fireplace,2024-12-13,Fireplace,60,No dialogue
Mid-Century Modern Fireplace,2024-12-13,Fireplace,60,No dialogue
Rustic Cabin Fireplace,2024-12-13,Fireplace,60,No dialogue
Spellbound: Fireplace,2024-12-13,Fireplace,60,No dialogue
White Christmas Fireplace,2024-12-13,Fireplace,60,No dialogue
Christmas Gameday: Chiefs vs. Steelers,2024-12-25,Sports event,326,English
Christmas Gameday: Ravens vs. Texans,2024-12-25,Sports event,236,English
Avicii – My Last Show,2024-12-31,DJ mixset,29,English
Anuja,2025-02-05,Short film,23,Hindi
The 31st Annual Screen Actors Guild Awards,2025-02-23,Award show,137,English
Katie Taylor vs. Amanda Serrano,2025-07-11,Sports event,0,English
